name,score,url,n_pos,mass,binaryness,nn_median,nn_mean,frac_on_cat,frac_within_2px_cat,frac_within_3px_cat,median_dist_cat,dti_catalogue,dti_cat_masked,dti_sgmc_off,dti_sgmc_off_soft
gems25-dotted-h19-5-d2-8-20261002-e56ea318af89-nan.tif,0.26,https://github.com/buffedlizard55-lab/GEMSDOE25/blob/main/docs/downloads/gems25-dotted-h19-5-d2-8-20261002-e56ea318af89-nan.tif,44090,44090.0,1.0,3.0,3.579145441517588,0.0,0.1459741437967793,0.19521433431617147,15.0,0.1617719780036745,0.0,0.09528236525805693,0.09528236525805693
gems26-dilcond-oof-v1-20261003-47629f496133-nan.tif,0.1223,https://github.com/buffedlizard55-lab/GEMSDOE26/blob/main/docs/downloads/gems26-dilcond-oof-v1-20261003-47629f496133-nan.tif,60068,60068.0,1.0,2.23606797749979,2.6649117885157794,0.02327362322700939,0.10519744289804887,0.1464673370180462,16.76305461424021,0.13740256714383875,0.0,0.10719248096418198,0.10719248096418198
gemsdoe23-h30-arrangement-matched-habitat-20261002-0d4e02e8-nan.tif,0.1352,https://github.com/buffedlizard55-lab/GEMSDOE23/blob/main/docs/downloads/gemsdoe23-h30-arrangement-matched-habitat-20261002-0d4e02e8-nan.tif,91533,91533.0,1.0,4.242640687119285,4.73620991220678,0.0,0.09063397900210853,0.13000775676531962,17.08800749063506,0.20283231916302297,0.0,0.20095077401498945,0.20095077401498945
gems22-h23-a-dti-optimal-emission-6pct-20261002-e2ec4b49-nan.tif,0.1002,https://github.com/buffedlizard55-lab/GEMSDOE22/blob/main/docs/downloads/gems22-h23-a-dti-optimal-emission-6pct-20261002-e2ec4b49-nan.tif,335879,335879.0,1.0,2.23606797749979,2.8767262603292316,0.0,0.1021766767198902,0.1998368460070442,11.661903789690601,0.1626603476501396,0.0,0.16380464701980488,0.16380464701980488
gems22-h23-b-dti-optimal-emission-10pct-20261002-86176698-nan.tif,0.0748,https://github.com/buffedlizard55-lab/GEMSDOE22/blob/main/docs/downloads/gems22-h23-b-dti-optimal-emission-10pct-20261002-86176698-nan.tif,516738,516738.0,1.0,nan,nan,0.0,0.08591007435102509,0.1668563179019155,14.560219778561036,0.14378030671815656,0.0,0.17216123539168768,0.17216123539168768
18GEMSDOE_H19-C_20260930T212401Z_c11e495e.tif,0.0297,https://github.com/buffedlizard55-lab/18GEMSDOE/blob/main/docs/downloads/18GEMSDOE_H19-C_20260930T212401Z_c11e495e.tif,513786,513786.0,1.0,nan,nan,0.11870311764041838,0.17578914178276558,0.20317213781613355,17.69180601295413,0.4121096306429912,0.0,0.45418980176838397,0.45418980176838397
17GEMSDOE_F-ensemble-2pct_20260930T050626Z.tif,0.0187,https://github.com/buffedlizard55-lab/17GEMSDOE/blob/main/docs/downloads/17GEMSDOE_F-ensemble-2pct_20260930T050626Z.tif,103347,103347.0,1.0,1.0,1.1292542641726524,0.12192903519211976,0.5104550688457333,0.662351108401792,2.0,0.25588754073969405,0.0,0.030302510882446166,0.030302510882446166
gems-structural-area06-v1.tif,0.0202,https://github.com/buffedlizard55-lab/11GEMSDOE/blob/main/docs/downloads/gems-structural-area06-v1.tif,343526,343526.0,1.0,1.4142135623730951,1.8529198490231777,0.17753532483713022,0.436752967752077,0.5476062947200503,2.8284271247461903,0.5720978874806694,0.0,0.05647799276674839,0.05647799276674839
gems10-h16-continuation-20260927T065521077735Z-3431b83c7c.tif,0.0461,https://github.com/buffedlizard55-lab/GEMSDOE10/blob/main/docs/downloads/gems10-h16-continuation-20260927T065521077735Z-3431b83c7c.tif,310042,310042.0,1.0,1.4142135623730951,1.7186406407124593,0.0855045445455777,0.3751136942736791,0.5045864753807549,3.0,0.3469676203421699,0.0,0.06540972598346584,0.06540972598346584
gems10-h20-dem10-scarp-thin-20260927T155223039488Z-ffc91a1686.tif,0.0921,https://github.com/buffedlizard55-lab/GEMSDOE10/blob/main/docs/downloads/gems10-h20-dem10-scarp-thin-20260927T155223039488Z-ffc91a1686.tif,153957,153957.0,1.0,1.0,1.8521100587056942,0.06690179725507772,0.28467039498041663,0.38403580220451167,4.47213595499958,0.32411128680009027,0.0,0.0754468072967367,0.0754468072967367
pindrop-v4-nodes-20260925T152420Z-f347b70daa.tif,0.1193,https://github.com/buffedlizard55-lab/GEMSDOE3/blob/main/docs/downloads/pindrop-v4-nodes-20260925T152420Z-f347b70daa.tif,155021,155021.0,1.0,5.0,5.5861272556197745,0.0,0.06350752478696435,0.08831706671999277,23.53720459187964,0.20677922840528506,0.0,0.23590850618186865,0.23590850618186865
pindrop-v4-discovery-20260925T152423Z-37f9d5b855.tif,0.083,https://github.com/buffedlizard55-lab/GEMSDOE3/blob/main/docs/downloads/pindrop-v4-discovery-20260925T152423Z-37f9d5b855.tif,155021,155021.0,1.0,5.0,5.58277681987709,0.0,0.05727611097851259,0.0845949903561453,23.259406699226016,0.17780693542431658,0.0,0.24082836207287492,0.24082836207287492
12GEMSDOE_r7-nms3-dem10-scarp_0c9199f14e62.tif,0.1294,https://github.com/buffedlizard55-lab/12GEMSDOE/blob/main/docs/downloads/12GEMSDOE_r7-nms3-dem10-scarp_0c9199f14e62.tif,103347,103347.0,1.0,3.1622776601683795,3.7068228965398227,0.0,0.17203208607893794,0.23191771410877915,8.94427190999916,0.3231608134948217,0.0,0.14842256582082455,0.14842256582082455
gems-tso1-20260929T005627Z-conj_alteration_mag.tif,0.0782,https://github.com/buffedlizard55-lab/15GEMSDOE/blob/main/docs/downloads/gems-tso1-20260929T005627Z-conj_alteration_mag.tif,99999,99999.0,1.0,4.47213595499958,4.97758558528364,0.012630126301263013,0.06135061350613506,0.08909089090890909,22.02271554554524,0.14960342851329272,0.0,0.18019547982774364,0.18019547982774364
gems20-h20-1-sarnnpu-powerlaw-pi0363-tilt-wingcrack-20260930-be0e8f6b-nan.tif,0.189,https://github.com/buffedlizard55-lab/20GEMSDOE/blob/main/docs/downloads/gems20-h20-1-sarnnpu-powerlaw-pi0363-tilt-wingcrack-20260930-be0e8f6b-nan.tif,123829,123829.0,1.0,1.0,1.9187845391246412,0.0,0.14352050004441608,0.20071227256943042,14.317821063276353,0.16844762047012773,0.0,0.10763335516502374,0.10763335516502374
gems20-h20-5-continuous-pu-proxy-unverified-20260930-824ce73a-nan.tif,0.1859,https://github.com/buffedlizard55-lab/20GEMSDOE/blob/main/docs/downloads/gems20-h20-5-continuous-pu-proxy-unverified-20260930-824ce73a-nan.tif,121258,107710.75,0.8882774744759109,1.0,1.870603190818948,0.0,0.14652229131273814,0.20511636345643175,13.92838827718412,0.1672983934225698,0.0,0.10136628976383474,0.10136628976383474
13gems_20261001_r14-union-tips10-lat6_nan-outside.tif,,https://github.com/buffedlizard55-lab/13GEMSDOE/blob/main/docs/downloads/13gems_20261001_r14-union-tips10-lat6_nan-outside.tif,192231,192231.0,1.0,6.0,5.170704861744824,0.0,0.15801821766520488,0.2257232184195057,13.892443989449804,0.21197046854638268,0.0,0.19278397707669837,0.19278397707669837
gems19-h19-5-powerlaw-budget-multiline-corroborated-20260930-e27054cf-nan.tif,0.1922,https://github.com/buffedlizard55-lab/GEMSDOE24/blob/main/inputs/gems19-h19-5-powerlaw-budget-multiline-corroborated-20260930-e27054cf-nan.tif,121131,121131.0,1.0,1.0,1.8700811434391307,0.0,0.14303522632521815,0.19951127291940132,14.560219778561036,0.1663512396326797,0.0,0.10060349914232136,0.10060349914232136
gems19-h19-4-multiline-corroborated-openness-thermal-pop-20260930-691e4dfa-nan.tif,0.1894,https://github.com/buffedlizard55-lab/GEMSDOE24/blob/main/inputs/gems19-h19-4-multiline-corroborated-openness-thermal-pop-20260930-691e4dfa-nan.tif,123779,123779.0,1.0,1.0,1.9074737040318626,0.0,0.14152643016989958,0.1979010979245268,14.7648230602334,0.16748603515332186,0.0,0.10656435085530619,0.10656435085530619
gems16-h16-1-topo-geophys-baseline-ridges-20260930-df20f65e-nan.tif,0.1855,https://github.com/buffedlizard55-lab/GEMSDOE24/blob/main/inputs/gems16-h16-1-topo-geophys-baseline-ridges-20260930-df20f65e-nan.tif,123939,123939.0,1.0,1.0,1.9755823014060703,0.0,0.14034323336480042,0.19681456200227532,14.866068747318506,0.16689202309752882,0.0,0.11268873870444039,0.11268873870444039
gems24-h25-1-dotted-h19-5-d1-5-20261002-989f59505db1-nan.tif,0.2477,https://github.com/buffedlizard55-lab/GEMSDOE24/blob/main/docs/downloads/gems24-h25-1-dotted-h19-5-d1-5-20261002-989f59505db1-nan.tif,60069,60069.0,1.0,2.23606797749979,2.61770683525421,0.0,0.14598212056135446,0.19873811783116083,14.866068747318506,0.17192870429612941,0.0,0.10111756213920532,0.10111756213920532
gems24-h25-1-dotted-h19-5-d2-8-20261002-e56ea318af89-nan.tif,0.26,https://github.com/buffedlizard55-lab/GEMSDOE24/blob/main/docs/downloads/gems24-h25-1-dotted-h19-5-d2-8-20261002-e56ea318af89-nan.tif,44090,44090.0,1.0,3.0,3.579145441517588,0.0,0.1459741437967793,0.19521433431617147,15.0,0.1617719780036745,0.0,0.09528236525805693,0.09528236525805693
13gems_20261001_r13-lattice-s5_v2_nan-outside.tif,0.0904,https://github.com/buffedlizard55-lab/GEMSDOE24/blob/main/inputs/calibration/13gems_20261001_r13-lattice-s5_v2_nan-outside.tif,206895,206895.0,1.0,5.0,5.736633981745252,0.011556586674400057,0.058817274462891804,0.08583581043524494,23.194827009486403,0.2452474978058523,0.0,0.2509162807194408,0.2509162807194408
8GEMSDOE_Hedge-v2_submission.tif,0.1563,https://github.com/buffedlizard55-lab/GEMSDOE24/blob/main/inputs/calibration/8GEMSDOE_Hedge-v2_submission.tif,227507,227507.0,1.0,2.0,2.3042362453767224,0.26807087254458106,0.36381298157858877,0.4037106550567675,6.708203932499369,0.6656329824332399,0.0,0.10402084579870975,0.10402084579870975
gems10-h25-ctx-ridge-20260927T232947704150Z-6452ae1d00.tif,0.128,https://github.com/buffedlizard55-lab/GEMSDOE24/blob/main/inputs/calibration/gems10-h25-ctx-ridge-20260927T232947704150Z-6452ae1d00.tif,174232,174232.0,1.0,2.0,2.2919462717414794,0.07384406997566463,0.255383626429129,0.33102989117957665,6.082762530298219,0.3987233618929496,0.0,0.0870391285555542,0.0870391285555542
gems10-h28-dotted-ridge-20260928T020256236880Z-6452ae1d00.tif,0.1839,https://github.com/buffedlizard55-lab/GEMSDOE24/blob/main/inputs/calibration/gems10-h28-dotted-ridge-20260928T020256236880Z-6452ae1d00.tif,69281,69281.0,1.0,3.1622776601683795,3.750505069332642,0.0583854159148973,0.2003146605851532,0.2670573461699456,8.0,0.3721639990472844,0.0,0.09261374930146143,0.09261374930146143
gemsdoe-ens12-adopted-7f00890a.tif,0.1563,https://github.com/buffedlizard55-lab/GEMSDOE24/blob/main/inputs/calibration/gemsdoe-ens12-adopted-7f00890a.tif,172974,172974.0,1.0,1.4142135623730951,2.0730848479932975,0.037317747175876145,0.16324418698763976,0.21572028166082763,13.0,0.22979915192696665,0.0,0.10402084579870975,0.10402084579870975
gemsdoe9-PLACEHOLDER-2314b599.tif,0.0107,https://github.com/buffedlizard55-lab/GEMSDOE24/blob/main/inputs/calibration/gemsdoe9-PLACEHOLDER-2314b599.tif,147684,147684.0,1.0,1.0,1.2856507919510325,0.01404349828011159,0.07030551718534167,0.10269900598575336,20.396078054371138,0.04612554667090572,0.0,0.03385709313921705,0.03385709313921705
gems27-topo-gap-closure-t-v2-on-d1-5-20261002-5512495c6bd1-nan.tif,0.2449,https://github.com/buffedlizard55-lab/GEMSDOE27/blob/main/docs/downloads/gems27-topo-gap-closure-t-v2-on-d1-5-20261002-5512495c6bd1-nan.tif,61328,61328.0,1.0,2.23606797749979,2.645483127188517,0.0,0.14471367075397862,0.1987183668145056,14.142135623730951,0.17273883783803545,0.0,0.10242171571074637,0.10242171571074637
gemsdoe31-h27-4-solo-d28-20261004-8acb75e1-nan.tif,0.2708,https://github.com/buffedlizard55-lab/GEMSDOE31/blob/main/docs/downloads/gemsdoe31-h27-4-solo-d28-20261004-8acb75e1-nan.tif,40199,40199.0,1.0,3.0,3.68007700240871,0.0,0.06331003258787532,0.11731635115301375,17.69180601295413,0.04909549919996512,0.0,0.09627307160880004,0.09627307160880004
gems28-h27-4-r1-solo-d2-8-20261003-8acb75e1f2cc-nan.tif,0.2708,https://github.com/buffedlizard55-lab/GEMSDOE28/blob/main/docs/downloads/gems28-h27-4-r1-solo-d2-8-20261003-8acb75e1f2cc-nan.tif,40199,40199.0,1.0,3.0,3.68007700240871,0.0,0.06331003258787532,0.11731635115301375,17.69180601295413,0.04909549919996512,0.0,0.09627307160880004,0.09627307160880004
