gems25-dotted-h19-5-d2-8-20261002-e56ea318af89-nan.tif,0.2600,https://github.com/buffedlizard55-lab/GEMSDOE25/blob/main/docs/downloads/gems25-dotted-h19-5-d2-8-20261002-e56ea318af89-nan.tif
gems26-dilcond-oof-v1-20261003-47629f496133-nan.tif,0.1223,https://github.com/buffedlizard55-lab/GEMSDOE26/blob/main/docs/downloads/gems26-dilcond-oof-v1-20261003-47629f496133-nan.tif
gemsdoe23-h30-arrangement-matched-habitat-20261002-0d4e02e8-nan.tif,0.1352,https://github.com/buffedlizard55-lab/GEMSDOE23/blob/main/docs/downloads/gemsdoe23-h30-arrangement-matched-habitat-20261002-0d4e02e8-nan.tif
gems22-h23-a-dti-optimal-emission-6pct-20261002-e2ec4b49-nan.tif,0.1002,https://github.com/buffedlizard55-lab/GEMSDOE22/blob/main/docs/downloads/gems22-h23-a-dti-optimal-emission-6pct-20261002-e2ec4b49-nan.tif
gems22-h23-b-dti-optimal-emission-10pct-20261002-86176698-nan.tif,0.0748,https://github.com/buffedlizard55-lab/GEMSDOE22/blob/main/docs/downloads/gems22-h23-b-dti-optimal-emission-10pct-20261002-86176698-nan.tif
18GEMSDOE_H19-C_20260930T212401Z_c11e495e.tif,0.0297,https://github.com/buffedlizard55-lab/18GEMSDOE/blob/main/docs/downloads/18GEMSDOE_H19-C_20260930T212401Z_c11e495e.tif
17GEMSDOE_F-ensemble-2pct_20260930T050626Z.tif,0.0187,https://github.com/buffedlizard55-lab/17GEMSDOE/blob/main/docs/downloads/17GEMSDOE_F-ensemble-2pct_20260930T050626Z.tif
gems-structural-area06-v1.tif,0.0202,https://github.com/buffedlizard55-lab/11GEMSDOE/blob/main/docs/downloads/gems-structural-area06-v1.tif
gems10-h16-continuation-20260927T065521077735Z-3431b83c7c.tif,0.0461,https://github.com/buffedlizard55-lab/GEMSDOE10/blob/main/docs/downloads/gems10-h16-continuation-20260927T065521077735Z-3431b83c7c.tif
gems10-h20-dem10-scarp-thin-20260927T155223039488Z-ffc91a1686.tif,0.0921,https://github.com/buffedlizard55-lab/GEMSDOE10/blob/main/docs/downloads/gems10-h20-dem10-scarp-thin-20260927T155223039488Z-ffc91a1686.tif
pindrop-v4-nodes-20260925T152420Z-f347b70daa.tif,0.1193,https://github.com/buffedlizard55-lab/GEMSDOE3/blob/main/docs/downloads/pindrop-v4-nodes-20260925T152420Z-f347b70daa.tif
pindrop-v4-discovery-20260925T152423Z-37f9d5b855.tif,0.0830,https://github.com/buffedlizard55-lab/GEMSDOE3/blob/main/docs/downloads/pindrop-v4-discovery-20260925T152423Z-37f9d5b855.tif
12GEMSDOE_r7-nms3-dem10-scarp_0c9199f14e62.tif,0.1294,https://github.com/buffedlizard55-lab/12GEMSDOE/blob/main/docs/downloads/12GEMSDOE_r7-nms3-dem10-scarp_0c9199f14e62.tif
gems-tso1-20260929T005627Z-conj_alteration_mag.tif,0.0782,https://github.com/buffedlizard55-lab/15GEMSDOE/blob/main/docs/downloads/gems-tso1-20260929T005627Z-conj_alteration_mag.tif
gems20-h20-1-sarnnpu-powerlaw-pi0363-tilt-wingcrack-20260930-be0e8f6b-nan.tif,0.1890,https://github.com/buffedlizard55-lab/20GEMSDOE/blob/main/docs/downloads/gems20-h20-1-sarnnpu-powerlaw-pi0363-tilt-wingcrack-20260930-be0e8f6b-nan.tif
gems20-h20-5-continuous-pu-proxy-unverified-20260930-824ce73a-nan.tif,0.1859,https://github.com/buffedlizard55-lab/20GEMSDOE/blob/main/docs/downloads/gems20-h20-5-continuous-pu-proxy-unverified-20260930-824ce73a-nan.tif
13gems_20261001_r14-union-tips10-lat6_nan-outside.tif,NA,https://github.com/buffedlizard55-lab/13GEMSDOE/blob/main/docs/downloads/13gems_20261001_r14-union-tips10-lat6_nan-outside.tif
gems19-h19-5-powerlaw-budget-multiline-corroborated-20260930-e27054cf-nan.tif,0.1922,https://github.com/buffedlizard55-lab/GEMSDOE24/blob/main/inputs/gems19-h19-5-powerlaw-budget-multiline-corroborated-20260930-e27054cf-nan.tif
gems19-h19-4-multiline-corroborated-openness-thermal-pop-20260930-691e4dfa-nan.tif,0.1894,https://github.com/buffedlizard55-lab/GEMSDOE24/blob/main/inputs/gems19-h19-4-multiline-corroborated-openness-thermal-pop-20260930-691e4dfa-nan.tif
gems16-h16-1-topo-geophys-baseline-ridges-20260930-df20f65e-nan.tif,0.1855,https://github.com/buffedlizard55-lab/GEMSDOE24/blob/main/inputs/gems16-h16-1-topo-geophys-baseline-ridges-20260930-df20f65e-nan.tif
gems24-h25-1-dotted-h19-5-d1-5-20261002-989f59505db1-nan.tif,0.2477,https://github.com/buffedlizard55-lab/GEMSDOE24/blob/main/docs/downloads/gems24-h25-1-dotted-h19-5-d1-5-20261002-989f59505db1-nan.tif
gems24-h25-1-dotted-h19-5-d2-8-20261002-e56ea318af89-nan.tif,0.2600,https://github.com/buffedlizard55-lab/GEMSDOE24/blob/main/docs/downloads/gems24-h25-1-dotted-h19-5-d2-8-20261002-e56ea318af89-nan.tif
13gems_20261001_r13-lattice-s5_v2_nan-outside.tif,0.0904,https://github.com/buffedlizard55-lab/GEMSDOE24/blob/main/inputs/calibration/13gems_20261001_r13-lattice-s5_v2_nan-outside.tif
8GEMSDOE_Hedge-v2_submission.tif,0.1563,https://github.com/buffedlizard55-lab/GEMSDOE24/blob/main/inputs/calibration/8GEMSDOE_Hedge-v2_submission.tif
gems10-h25-ctx-ridge-20260927T232947704150Z-6452ae1d00.tif,0.1280,https://github.com/buffedlizard55-lab/GEMSDOE24/blob/main/inputs/calibration/gems10-h25-ctx-ridge-20260927T232947704150Z-6452ae1d00.tif
gems10-h28-dotted-ridge-20260928T020256236880Z-6452ae1d00.tif,0.1839,https://github.com/buffedlizard55-lab/GEMSDOE24/blob/main/inputs/calibration/gems10-h28-dotted-ridge-20260928T020256236880Z-6452ae1d00.tif
gemsdoe-ens12-adopted-7f00890a.tif,0.1563,https://github.com/buffedlizard55-lab/GEMSDOE24/blob/main/inputs/calibration/gemsdoe-ens12-adopted-7f00890a.tif
gemsdoe9-PLACEHOLDER-2314b599.tif,0.0107,https://github.com/buffedlizard55-lab/GEMSDOE24/blob/main/inputs/calibration/gemsdoe9-PLACEHOLDER-2314b599.tif
gems27-topo-gap-closure-t-v2-on-d1-5-20261002-5512495c6bd1-nan.tif,0.2449,https://github.com/buffedlizard55-lab/GEMSDOE27/blob/main/docs/downloads/gems27-topo-gap-closure-t-v2-on-d1-5-20261002-5512495c6bd1-nan.tif
gemsdoe31-h27-4-solo-d28-20261004-8acb75e1-nan.tif,0.2708,https://github.com/buffedlizard55-lab/GEMSDOE31/blob/main/docs/downloads/gemsdoe31-h27-4-solo-d28-20261004-8acb75e1-nan.tif
gems28-h27-4-r1-solo-d2-8-20261003-8acb75e1f2cc-nan.tif,0.2708,https://github.com/buffedlizard55-lab/GEMSDOE28/blob/main/docs/downloads/gems28-h27-4-r1-solo-d2-8-20261003-8acb75e1f2cc-nan.tif
